abundance,growth_rate,reactions,metabolites,taxon,tradeoff,sample_id
0.1889917194349732,0.13491861799020888,3293,1883,Bacteroides,,ERR1883207
0.0799913405855929,0.09808365820806161,2235,1371,Barnesiella,,ERR1883207
0.07850300373437247,0.008860336752874771,2808,1732,Blautia,,ERR1883207
0.1005845104724793,0.05895745653008155,1986,1472,Faecalibacterium,,ERR1883207
0.09235806678573362,0.14514205698498125,2879,1747,Parabacteroides,,ERR1883207
0.45957135898684853,0.7217931978469575,2712,1656,Phocaeicola,,ERR1883207
0.1889917194349732,0.2600371336736013,3293,1883,Bacteroides,1.0,ERR1883207
0.0799913405855929,0.12039309759549512,2235,1371,Barnesiella,1.0,ERR1883207
0.07850300373437247,0.10046810634552905,2808,1732,Blautia,1.0,ERR1883207
0.1005845104724793,0.13062624433330827,1986,1472,Faecalibacterium,1.0,ERR1883207
0.09235806678573362,0.12897152897393888,2879,1747,Parabacteroides,1.0,ERR1883207
0.45957135898684853,0.6383727690251413,2712,1656,Phocaeicola,1.0,ERR1883207
0.1889917194349732,0.2352096146565577,3293,1883,Bacteroides,0.9,ERR1883207
0.0799913405855929,0.10217342545283478,2235,1371,Barnesiella,0.9,ERR1883207
0.07850300373437247,0.09580306815829497,2808,1732,Blautia,0.9,ERR1883207
0.1005845104724793,0.12211488675360811,1986,1472,Faecalibacterium,0.9,ERR1883207
0.09235806678573362,0.11513515206784168,2879,1747,Parabacteroides,0.9,ERR1883207
0.45957135898684853,0.5735763627181317,2712,1656,Phocaeicola,0.9,ERR1883207
0.1889917194349732,0.2091752671634938,3293,1883,Bacteroides,0.8,ERR1883207
0.0799913405855929,0.08811716506918926,2235,1371,Barnesiella,0.8,ERR1883207
0.07850300373437247,0.0869726029890509,2808,1732,Blautia,0.8,ERR1883207
0.1005845104724793,0.11143219074205327,1986,1472,Faecalibacterium,0.8,ERR1883207
0.09235806678573362,0.10223466590925827,2879,1747,Parabacteroides,0.8,ERR1883207
0.45957135898684853,0.5091999110703749,2712,1656,Phocaeicola,0.8,ERR1883207
0.1889917194349732,0.18316989488655977,3293,1883,Bacteroides,0.7000000000000001,ERR1883207
0.0799913405855929,0.07750707873996243,2235,1371,Barnesiella,0.7000000000000001,ERR1883207
0.07850300373437247,0.07608523723243646,2808,1732,Blautia,0.7000000000000001,ERR1883207
0.1005845104724793,0.09748531689296966,1986,1472,Faecalibacterium,0.7000000000000001,ERR1883207
0.09235806678573362,0.08951284725708586,2879,1747,Parabacteroides,0.7000000000000001,ERR1883207
0.45957135898684853,0.4454157412829289,2712,1656,Phocaeicola,0.7000000000000001,ERR1883207
0.1889917194349732,0.15714780959776112,3293,1883,Bacteroides,0.6,ERR1883207
0.0799913405855929,0.06626736968631475,2235,1371,Barnesiella,0.6,ERR1883207
0.07850300373437247,0.06532255796287155,2808,1732,Blautia,0.6,ERR1883207
0.1005845104724793,0.08359075893118605,1986,1472,Faecalibacterium,0.6,ERR1883207
0.09235806678573362,0.07677991320641926,2879,1747,Parabacteroides,0.6,ERR1883207
0.45957135898684853,0.38179106409572816,2712,1656,Phocaeicola,0.6,ERR1883207
0.1889917194349732,0.13094848151374158,3293,1883,Bacteroides,0.5,ERR1883207
0.0799913405855929,0.05510475032979694,2235,1371,Barnesiella,0.5,ERR1883207
0.07850300373437247,0.054480053977254694,2808,1732,Blautia,0.5,ERR1883207
0.1005845104724793,0.06967389828063127,1986,1472,Faecalibacterium,0.5,ERR1883207
0.09235806678573362,0.06399590495479981,2879,1747,Parabacteroides,0.5,ERR1883207
0.45957135898684853,0.31817593496400015,2712,1656,Phocaeicola,0.5,ERR1883207
0.1889917194349732,0.10469687988060997,3293,1883,Bacteroides,0.4,ERR1883207
0.0799913405855929,0.04398498120701844,2235,1371,Barnesiella,0.4,ERR1883207
0.07850300373437247,0.04349394703241178,2808,1732,Blautia,0.4,ERR1883207
0.1005845104724793,0.05572010211943245,1986,1472,Faecalibacterium,0.4,ERR1883207
0.09235806678573362,0.05116393164639161,2879,1747,Parabacteroides,0.4,ERR1883207
0.45957135898684853,0.2545445083269506,2712,1656,Phocaeicola,0.4,ERR1883207
0.1889917194349732,0.07851937152403428,3293,1883,Bacteroides,0.30000000000000004,ERR1883207
0.0799913405855929,0.03274865039587609,2235,1371,Barnesiella,0.30000000000000004,ERR1883207
0.07850300373437247,0.03261958357375695,2808,1732,Blautia,0.30000000000000004,ERR1883207
0.1005845104724793,0.041793894437172956,1986,1472,Faecalibacterium,0.30000000000000004,ERR1883207
0.09235806678573362,0.03837586101817557,2879,1747,Parabacteroides,0.30000000000000004,ERR1883207
0.45957135898684853,0.19095972427929764,2712,1656,Phocaeicola,0.30000000000000004,ERR1883207
0.1889917194349732,0.05242944769250941,3293,1883,Bacteroides,0.2,ERR1883207
0.0799913405855929,0.021205281051577513,2235,1371,Barnesiella,0.2,ERR1883207
0.07850300373437247,0.021780777045741866,2808,1732,Blautia,0.2,ERR1883207
0.1005845104724793,0.027899272036128003,1986,1472,Faecalibacterium,0.2,ERR1883207
0.09235806678573362,0.025607044894689204,2879,1747,Parabacteroides,0.2,ERR1883207
0.45957135898684853,0.12735203997257283,2712,1656,Phocaeicola,0.2,ERR1883207
0.1889917194349732,0.026249723437571825,3293,1883,Bacteroides,0.1,ERR1883207
0.0799913405855929,0.00968437685474442,2235,1371,Barnesiella,0.1,ERR1883207
0.07850300373437247,0.010898987971171555,2808,1732,Blautia,0.1,ERR1883207
0.1005845104724793,0.013964671522817601,1986,1472,Faecalibacterium,0.1,ERR1883207
0.09235806678573362,0.012827897531060655,2879,1747,Parabacteroides,0.1,ERR1883207
0.45957135898684853,0.06381952891613746,2712,1656,Phocaeicola,0.1,ERR1883207
0.20878716288773663,-1.0007010479971385e-06,3293,1883,Bacteroides,,ERR1883195
0.14546068174147822,-8.492708650724198e-07,1986,1472,Faecalibacterium,,ERR1883195
0.0943760930261099,0.16864541185466647,2879,1747,Parabacteroides,,ERR1883195
0.5513760623446753,0.5431984950330137,2712,1656,Phocaeicola,,ERR1883195
0.20878716288773663,0.1732925521802166,3293,1883,Bacteroides,1.0,ERR1883195
0.14546068174147822,0.11059222366903691,1986,1472,Faecalibacterium,1.0,ERR1883195
0.0943760930261099,0.0798162318696044,2879,1747,Parabacteroides,1.0,ERR1883195
0.5513760623446753,0.4636065235636085,2712,1656,Phocaeicola,1.0,ERR1883195
0.20878716288773663,0.15640395874639737,3293,1883,Bacteroides,0.9,ERR1883195
0.14546068174147822,0.1027561769241273,1986,1472,Faecalibacterium,0.9,ERR1883195
0.0943760930261099,0.07157432213078259,2879,1747,Parabacteroides,0.9,ERR1883195
0.5513760623446753,0.41626420740556963,2712,1656,Phocaeicola,0.9,ERR1883195
0.20878716288773663,0.13958547155204745,3293,1883,Bacteroides,0.8,ERR1883195
0.14546068174147822,0.0947953697129291,1986,1472,Faecalibacterium,0.8,ERR1883195
0.0943760930261099,0.06322891213021997,2879,1747,Parabacteroides,0.8,ERR1883195
0.5513760623446753,0.3690503354876447,2712,1656,Phocaeicola,0.8,ERR1883195
0.20878716288773663,0.12208327765569009,3293,1883,Bacteroides,0.7000000000000001,ERR1883195
0.14546068174147822,0.08507106384740071,1986,1472,Faecalibacterium,0.7000000000000001,ERR1883195
0.0943760930261099,0.05517916817146102,2879,1747,Parabacteroides,0.7000000000000001,ERR1883195
0.5513760623446753,0.32232533118913315,2712,1656,Phocaeicola,0.7000000000000001,ERR1883195
0.20878716288773663,0.104621103337557,3293,1883,Bacteroides,0.6,ERR1883195
0.14546068174147822,0.07289105965951787,1986,1472,Faecalibacterium,0.6,ERR1883195
0.0943760930261099,0.04729083620414231,2879,1747,Parabacteroides,0.6,ERR1883195
0.5513760623446753,0.27629708927413144,2712,1656,Phocaeicola,0.6,ERR1883195
0.20878716288773663,0.08718512721278807,3293,1883,Bacteroides,0.5,ERR1883195
0.14546068174147822,0.060742703958433425,1986,1472,Faecalibacterium,0.5,ERR1883195
0.0943760930261099,0.039410119719913025,2879,1747,Parabacteroides,0.5,ERR1883195
0.5513760623446753,0.23024748990340296,2712,1656,Phocaeicola,0.5,ERR1883195
0.20878716288773663,0.06974455062822149,3293,1883,Bacteroides,0.4,ERR1883195
0.14546068174147822,0.04859361961815768,1986,1472,Faecalibacterium,0.4,ERR1883195
0.0943760930261099,0.03153003997523683,2879,1747,Parabacteroides,0.4,ERR1883195
0.5513760623446753,0.1841984029937327,2712,1656,Phocaeicola,0.4,ERR1883195
0.20878716288773663,0.05231099248754512,3293,1883,Bacteroides,0.30000000000000004,ERR1883195
0.14546068174147822,0.036446776763599066,1986,1472,Faecalibacterium,0.30000000000000004,ERR1883195
0.0943760930261099,0.023646445318263674,2879,1747,Parabacteroides,0.30000000000000004,ERR1883195
0.5513760623446753,0.138152947422876,2712,1656,Phocaeicola,0.30000000000000004,ERR1883195
0.20878716288773663,0.03494000087210994,3293,1883,Bacteroides,0.2,ERR1883195
0.14546068174147822,0.02434036735158061,1986,1472,Faecalibacterium,0.2,ERR1883195
0.0943760930261099,0.01576785103037058,2879,1747,Parabacteroides,0.2,ERR1883195
0.5513760623446753,0.09206211702266508,2712,1656,Phocaeicola,0.2,ERR1883195
0.20878716288773663,0.017439429289333685,3293,1883,Bacteroides,0.1,ERR1883195
0.14546068174147822,0.012124175689751297,1986,1472,Faecalibacterium,0.1,ERR1883195
0.0943760930261099,0.007883097994129227,2879,1747,Parabacteroides,0.1,ERR1883195
0.5513760623446753,0.046054456769426724,2712,1656,Phocaeicola,0.1,ERR1883195
0.9323951340852558,0.1611577326216034,2274,1386,Akkermansia,,ERR1883214
0.06760486591474427,1.9301413238880536,3532,2001,Clostridium,,ERR1883214
0.9323951340852558,0.29715509486667846,2274,1386,Akkermansia,1.0,ERR1883214
0.06760486591474427,0.054437367808359095,3532,2001,Clostridium,1.0,ERR1883214
0.9323951340852558,0.2695467306084459,2274,1386,Akkermansia,0.9,ERR1883214
0.06760486591474427,0.03833041149226123,3532,2001,Clostridium,0.9,ERR1883214
0.9323951340852558,0.23960466737895827,2274,1386,Akkermansia,0.8,ERR1883214
0.06760486591474427,0.0321377302160026,3532,2001,Clostridium,0.8,ERR1883214
0.9323951340852558,0.21085646526932864,2274,1386,Akkermansia,0.7000000000000001,ERR1883214
0.06760486591474427,0.02462646531082383,3532,2001,Clostridium,0.7000000000000001,ERR1883214
0.9323951340852558,0.1827052774087138,2274,1386,Akkermansia,0.6,ERR1883214
0.06760486591474427,0.015811874231857138,3532,2001,Clostridium,0.6,ERR1883214
0.9323951340852558,0.15094380065897506,2274,1386,Akkermansia,0.5,ERR1883214
0.06760486591474427,0.010852144864158163,3532,2001,Clostridium,0.5,ERR1883214
0.9323951340852558,0.11981660570671258,2274,1386,Akkermansia,0.4,ERR1883214
0.06760486591474427,0.008601534962891132,3532,2001,Clostridium,0.4,ERR1883214
0.9323951340852558,0.09133586278339385,2274,1386,Akkermansia,0.30000000000000004,ERR1883214
0.06760486591474427,0.006553670277114733,3532,2001,Clostridium,0.30000000000000004,ERR1883214
0.9323951340852558,0.0613244920112683,2274,1386,Akkermansia,0.2,ERR1883214
0.06760486591474427,0.00439456262308726,3532,2001,Clostridium,0.2,ERR1883214
0.9323951340852558,0.029904880882743585,2274,1386,Akkermansia,0.1,ERR1883214
0.06760486591474427,0.0021537635250281567,3532,2001,Clostridium,0.1,ERR1883214
0.10660524266805085,0.38202393934808476,3293,1883,Bacteroides,,ERR1883212
0.10375032442252789,0.14781403733977558,2808,1732,Blautia,,ERR1883212
0.3517064624967558,0.23615290785805487,1986,1472,Faecalibacterium,,ERR1883212
0.2722878276667532,0.713807938967314,2712,1656,Phocaeicola,,ERR1883212
0.16565014274591228,0.15339684362141678,2860,1805,Streptococcus,,ERR1883212
0.10660524266805085,0.1631529964046391,3293,1883,Bacteroides,1.0,ERR1883212
0.10375032442252789,0.14596275454598615,2808,1732,Blautia,1.0,ERR1883212
0.3517064624967558,0.49351694255523854,1986,1472,Faecalibacterium,1.0,ERR1883212
0.2722878276667532,0.4208810188647374,2712,1656,Phocaeicola,1.0,ERR1883212
0.16565014274591228,0.2304782256266668,2860,1805,Streptococcus,1.0,ERR1883212
0.10660524266805085,0.13925315897693644,3293,1883,Bacteroides,0.9,ERR1883212
0.10375032442252789,0.13540028391773218,2808,1732,Blautia,0.9,ERR1883212
0.3517064624967558,0.4589558137332779,1986,1472,Faecalibacterium,0.9,ERR1883212
0.2722878276667532,0.35573498127455905,2712,1656,Phocaeicola,0.9,ERR1883212
0.16565014274591228,0.21644746345031074,2860,1805,Streptococcus,0.9,ERR1883212
0.10660524266805085,0.1237012429717883,3293,1883,Bacteroides,0.8,ERR1883212
0.10375032442252789,0.12038929549650439,2808,1732,Blautia,0.8,ERR1883212
0.3517064624967558,0.4081508420323561,1986,1472,Faecalibacterium,0.8,ERR1883212
0.2722878276667532,0.31599240042274296,2712,1656,Phocaeicola,0.8,ERR1883212
0.16565014274591228,0.19223899983436393,2860,1805,Streptococcus,0.8,ERR1883212
0.10660524266805085,0.10823962876677622,3293,1883,Bacteroides,0.7000000000000001,ERR1883212
0.10375032442252789,0.10535076229264409,2808,1732,Blautia,0.7000000000000001,ERR1883212
0.3517064624967558,0.3571266111399724,1986,1472,Faecalibacterium,0.7000000000000001,ERR1883212
0.2722878276667532,0.276492062267209,2712,1656,Phocaeicola,0.7000000000000001,ERR1883212
0.16565014274591228,0.16820478170850175,2860,1805,Streptococcus,0.7000000000000001,ERR1883212
0.10660524266805085,0.09278248730051337,3293,1883,Bacteroides,0.6,ERR1883212
0.10375032442252789,0.09030566542883785,2808,1732,Blautia,0.6,ERR1883212
0.3517064624967558,0.30611574309468403,1986,1472,Faecalibacterium,0.6,ERR1883212
0.2722878276667532,0.236984960986496,2712,1656,Phocaeicola,0.6,ERR1883212
0.16565014274591228,0.14418547185115838,2860,1805,Streptococcus,0.6,ERR1883212
0.10660524266805085,0.07732342194409693,3293,1883,Bacteroides,0.5,ERR1883212
0.10375032442252789,0.07525314370687577,2808,1732,Blautia,0.5,ERR1883212
0.3517064624967558,0.25509562930934404,1986,1472,Faecalibacterium,0.5,ERR1883212
0.2722878276667532,0.19748706012039824,2712,1656,Phocaeicola,0.5,ERR1883212
0.16565014274591228,0.12015079263583206,2860,1805,Streptococcus,0.5,ERR1883212
0.10660524266805085,0.06185707242038113,3293,1883,Bacteroides,0.4,ERR1883212
0.10375032442252789,0.06020066575137205,2808,1732,Blautia,0.4,ERR1883212
0.3517064624967558,0.2040729129484985,1986,1472,Faecalibacterium,0.4,ERR1883212
0.2722878276667532,0.15799390334860397,2712,1656,Phocaeicola,0.4,ERR1883212
0.16565014274591228,0.09611766704166065,2860,1805,Streptococcus,0.4,ERR1883212
0.10660524266805085,0.04639729950045991,3293,1883,Bacteroides,0.30000000000000004,ERR1883212
0.10375032442252789,0.04515320569966345,2808,1732,Blautia,0.30000000000000004,ERR1883212
0.3517064624967558,0.15304014833307775,1986,1472,Faecalibacterium,0.30000000000000004,ERR1883212
0.2722878276667532,0.11850374448689208,2712,1656,Phocaeicola,0.30000000000000004,ERR1883212
0.16565014274591228,0.07209469817858295,2860,1805,Streptococcus,0.30000000000000004,ERR1883212
0.10660524266805085,0.030929978865305227,3293,1883,Bacteroides,0.2,ERR1883212
0.10375032442252789,0.030101474494772195,2808,1732,Blautia,0.2,ERR1883212
0.3517064624967558,0.10203187645853515,1986,1472,Faecalibacterium,0.2,ERR1883212
0.2722878276667532,0.07899987149537507,2712,1656,Phocaeicola,0.2,ERR1883212
0.16565014274591228,0.04806054156441467,2860,1805,Streptococcus,0.2,ERR1883212
0.10660524266805085,0.015464081296017736,3293,1883,Bacteroides,0.1,ERR1883212
0.10375032442252789,0.01505021604083315,2808,1732,Blautia,0.1,ERR1883212
0.3517064624967558,0.051019804334365454,1986,1472,Faecalibacterium,0.1,ERR1883212
0.2722878276667532,0.03949713274080246,2712,1656,Phocaeicola,0.1,ERR1883212
0.16565014274591228,0.024029851469614488,2860,1805,Streptococcus,0.1,ERR1883212
0.6278741214283191,-0.00012843938925175374,2274,1386,Akkermansia,,ERR1883240
0.09809981280683785,0.6838952818984371,2197,1602,Fusobacterium,,ERR1883240
0.274026065764843,1.276397671836129,1652,1308,Veillonella,,ERR1883240
0.6278741214283191,0.13312975591225779,2274,1386,Akkermansia,1.0,ERR1883240
0.09809981280683785,0.37530698902612003,2197,1602,Fusobacterium,1.0,ERR1883240
0.274026065764843,1.0815295266164997,1652,1308,Veillonella,1.0,ERR1883240
0.6278741214283191,0.15342495905769438,2274,1386,Akkermansia,0.9,ERR1883240
0.09809981280683785,0.312586274623192,2197,1602,Fusobacterium,0.9,ERR1883240
0.274026065764843,0.9050639715169863,1652,1308,Veillonella,0.9,ERR1883240
0.6278741214283191,0.1573356742598032,2274,1386,Akkermansia,0.8,ERR1883240
0.09809981280683785,0.2690500871743146,2197,1602,Fusobacterium,0.8,ERR1883240
0.274026065764843,0.7721983890619182,1652,1308,Veillonella,0.8,ERR1883240
0.6278741214283191,0.1706655662500609,2274,1386,Akkermansia,0.7000000000000001,ERR1883240
0.09809981280683785,0.21502117508452964,2197,1602,Fusobacterium,0.7000000000000001,ERR1883240
0.274026065764843,0.6205997031449269,1652,1308,Veillonella,0.7000000000000001,ERR1883240
0.6278741214283191,0.15689813566192864,2274,1386,Akkermansia,0.6,ERR1883240
0.09809981280683785,0.177437734357069,2197,1602,Fusobacterium,0.6,ERR1883240
0.274026065764843,0.5040545977619376,1652,1308,Veillonella,0.6,ERR1883240
0.6278741214283191,0.1961796998047361,2274,1386,Akkermansia,0.5,ERR1883240
0.09809981280683785,0.10145712055092064,2197,1602,Fusobacterium,0.5,ERR1883240
0.274026065764843,0.28635122649371,1652,1308,Veillonella,0.5,ERR1883240
0.6278741214283191,0.18551237567773052,2274,1386,Akkermansia,0.4,ERR1883240
0.09809981280683785,0.06989391797551268,2197,1602,Fusobacterium,0.4,ERR1883240
0.274026065764843,0.18799367118848828,1652,1308,Veillonella,0.4,ERR1883240
0.6278741214283191,0.17094177529696913,2274,1386,Akkermansia,0.30000000000000004,ERR1883240
0.09809981280683785,0.02658317478552448,2197,1602,Fusobacterium,0.30000000000000004,ERR1883240
0.274026065764843,0.07426172165049996,1652,1308,Veillonella,0.30000000000000004,ERR1883240
0.6278741214283191,0.1072885204101423,2274,1386,Akkermansia,0.2,ERR1883240
0.09809981280683785,0.019240152001761542,2197,1602,Fusobacterium,0.2,ERR1883240
0.274026065764843,0.0540843581923182,1652,1308,Veillonella,0.2,ERR1883240
0.6278741214283191,0.054814749008629156,2274,1386,Akkermansia,0.1,ERR1883240
0.09809981280683785,0.008533121919754591,2197,1602,Fusobacterium,0.1,ERR1883240
0.274026065764843,0.023804585024114432,1652,1308,Veillonella,0.1,ERR1883240
0.22307924984875985,-9.700007577697921e-07,3293,1883,Bacteroides,,ERR1883225
0.07441016333938295,0.16343230066236447,2235,1371,Barnesiella,,ERR1883225
0.13777979431336965,0.16065792129275733,2879,1747,Parabacteroides,,ERR1883225
0.5647307924984877,0.5295885176899885,2712,1656,Phocaeicola,,ERR1883225
0.22307924984875985,0.17651127073052325,3293,1883,Bacteroides,1.0,ERR1883225
0.07441016333938295,0.10792075550483242,2235,1371,Barnesiella,1.0,ERR1883225
0.13777979431336965,0.1206777504198091,2879,1747,Parabacteroides,1.0,ERR1883225
0.5647307924984877,0.4769311160001397,2712,1656,Phocaeicola,1.0,ERR1883225
0.22307924984875985,0.16867717387116427,3293,1883,Bacteroides,0.9,ERR1883225
0.07441016333938295,0.061404058619514985,2235,1371,Barnesiella,0.9,ERR1883225
0.13777979431336965,0.10543119440431867,2879,1747,Parabacteroides,0.9,ERR1883225
0.5647307924984877,0.4308036629877067,2712,1656,Phocaeicola,0.9,ERR1883225
0.22307924984875985,0.15056007432739085,3293,1883,Bacteroides,0.8,ERR1883225
0.07441016333938295,0.05263432946564097,2235,1371,Barnesiella,0.8,ERR1883225
0.13777979431336965,0.09346494821427487,2879,1747,Parabacteroides,0.8,ERR1883225
0.5647307924984877,0.38309262058698357,2712,1656,Phocaeicola,0.8,ERR1883225
0.22307924984875985,0.13238773562533632,3293,1883,Bacteroides,0.7000000000000001,ERR1883225
0.07441016333938295,0.044094934554738424,2235,1371,Barnesiella,0.7000000000000001,ERR1883225
0.13777979431336965,0.08171187004579665,2879,1747,Parabacteroides,0.7000000000000001,ERR1883225
0.5647307924984877,0.33517032749922426,2712,1656,Phocaeicola,0.7000000000000001,ERR1883225
0.22307924984875985,0.11347861065951673,3293,1883,Bacteroides,0.6,ERR1883225
0.07441016333938295,0.03785260803327314,2235,1371,Barnesiella,0.6,ERR1883225
0.13777979431336965,0.07008831467149759,2879,1747,Parabacteroides,0.6,ERR1883225
0.5647307924984877,0.28727695894746086,2712,1656,Phocaeicola,0.6,ERR1883225
0.22307924984875985,0.09456555220237638,3293,1883,Bacteroides,0.5,ERR1883225
0.07441016333938295,0.03154433624613153,2235,1371,Barnesiella,0.5,ERR1883225
0.13777979431336965,0.058407001295443704,2879,1747,Parabacteroides,0.5,ERR1883225
0.5647307924984877,0.23939754330763752,2712,1656,Phocaeicola,0.5,ERR1883225
0.22307924984875985,0.07565811122630044,3293,1883,Bacteroides,0.4,ERR1883225
0.07441016333938295,0.025222903798939534,2235,1371,Barnesiella,0.4,ERR1883225
0.13777979431336965,0.04672857673506087,2879,1747,Parabacteroides,0.4,ERR1883225
0.5647307924984877,0.19151838909243188,2712,1656,Phocaeicola,0.4,ERR1883225
0.22307924984875985,0.05673845990446497,3293,1883,Bacteroides,0.30000000000000004,ERR1883225
0.07441016333938295,0.018921493087187057,2235,1371,Barnesiella,0.30000000000000004,ERR1883225
0.13777979431336965,0.03504347161638881,2879,1747,Parabacteroides,0.30000000000000004,ERR1883225
0.5647307924984877,0.1436414672285153,2712,1656,Phocaeicola,0.30000000000000004,ERR1883225
0.22307924984875985,0.037831690437783096,3293,1883,Bacteroides,0.2,ERR1883225
0.07441016333938295,0.012619121913710436,2235,1371,Barnesiella,0.2,ERR1883225
0.13777979431336965,0.02336583388770284,2879,1747,Parabacteroides,0.2,ERR1883225
0.5647307924984877,0.09576816432340617,2712,1656,Phocaeicola,0.2,ERR1883225
0.22307924984875985,0.0189570935280169,3293,1883,Bacteroides,0.1,ERR1883225
0.07441016333938295,0.005319288707617423,2235,1371,Barnesiella,0.1,ERR1883225
0.13777979431336965,0.011708243522618678,2879,1747,Parabacteroides,0.1,ERR1883225
0.5647307924984877,0.04798635591682482,2712,1656,Phocaeicola,0.1,ERR1883225
0.24232882502113273,4.074636439949563e-06,2274,1386,Akkermansia,,ERR1883250
0.29532967032967034,0.4345814215243824,2808,1732,Blautia,,ERR1883250
0.25196534234995777,0.20519909849368853,2826,1639,Erysipelatoclostridium,,ERR1883250
0.21037616229923925,0.9081768758222415,2681,1578,Mediterraneibacter,,ERR1883250
0.24232882502113273,0.001090513316120346,2274,1386,Akkermansia,1.0,ERR1883250
0.29532967032967034,0.46087127760487767,2808,1732,Blautia,1.0,ERR1883250
0.25196534234995777,0.41400160035716316,2826,1639,Erysipelatoclostridium,1.0,ERR1883250
0.21037616229923925,0.6199361399840851,2681,1578,Mediterraneibacter,1.0,ERR1883250
0.24232882502113273,0.2437327175043317,2274,1386,Akkermansia,0.9,ERR1883250
0.29532967032967034,0.4141146831017974,2808,1732,Blautia,0.9,ERR1883250
0.25196534234995777,0.3587375823561436,2826,1639,Erysipelatoclostridium,0.9,ERR1883250
0.21037616229923925,0.2977767002299188,2681,1578,Mediterraneibacter,0.9,ERR1883250
0.24232882502113273,0.22993080859622084,2274,1386,Akkermansia,0.8,ERR1883250
0.29532967032967034,0.36493557507864977,2808,1732,Blautia,0.8,ERR1883250
0.25196534234995777,0.31470160258620733,2826,1639,Erysipelatoclostridium,0.8,ERR1883250
0.21037616229923925,0.2619999956454633,2681,1578,Mediterraneibacter,0.8,ERR1883250
0.24232882502113273,0.24324808177711318,2274,1386,Akkermansia,0.7000000000000001,ERR1883250
0.29532967032967034,0.30429696319919364,2808,1732,Blautia,0.7000000000000001,ERR1883250
0.25196534234995777,0.25961352952825884,2826,1639,Erysipelatoclostridium,0.7000000000000001,ERR1883250
0.21037616229923925,0.21676375533381415,2681,1578,Mediterraneibacter,0.7000000000000001,ERR1883250
0.24232882502113273,0.2029242851249635,2274,1386,Akkermansia,0.6,ERR1883250
0.29532967032967034,0.26472899862827454,2808,1732,Blautia,0.6,ERR1883250
0.25196534234995777,0.2259181350031645,2826,1639,Erysipelatoclostridium,0.6,ERR1883250
0.21037616229923925,0.18862697897418623,2681,1578,Mediterraneibacter,0.6,ERR1883250
0.24232882502113273,0.15954434221637023,2274,1386,Akkermansia,0.5,ERR1883250
0.29532967032967034,0.22274502636649585,2808,1732,Blautia,0.5,ERR1883250
0.25196534234995777,0.19044885007428358,2826,1639,Erysipelatoclostridium,0.5,ERR1883250
0.21037616229923925,0.15865997864637366,2681,1578,Mediterraneibacter,0.5,ERR1883250
0.24232882502113273,0.13900699258172122,2274,1386,Akkermansia,0.4,ERR1883250
0.29532967032967034,0.17411456798254527,2808,1732,Blautia,0.4,ERR1883250
0.25196534234995777,0.1485745394487394,2826,1639,Erysipelatoclostridium,0.4,ERR1883250
0.21037616229923925,0.12408253107969007,2681,1578,Mediterraneibacter,0.4,ERR1883250
0.24232882502113273,0.10136806255664668,2274,1386,Akkermansia,0.30000000000000004,ERR1883250
0.29532967032967034,0.13173860967012113,2808,1732,Blautia,0.30000000000000004,ERR1883250
0.25196534234995777,0.11243732806020265,2826,1639,Erysipelatoclostridium,0.30000000000000004,ERR1883250
0.21037616229923925,0.09388002196774116,2681,1578,Mediterraneibacter,0.30000000000000004,ERR1883250
0.24232882502113273,0.06480560666305567,2274,1386,Akkermansia,0.2,ERR1883250
0.29532967032967034,0.08908437111324029,2808,1732,Blautia,0.2,ERR1883250
0.25196534234995777,0.07602005278141924,2826,1639,Erysipelatoclostridium,0.2,ERR1883250
0.21037616229923925,0.0634736353506597,2681,1578,Mediterraneibacter,0.2,ERR1883250
0.24232882502113273,0.033151788106655276,2274,1386,Akkermansia,0.1,ERR1883250
0.29532967032967034,0.044242993191523715,2808,1732,Blautia,0.1,ERR1883250
0.25196534234995777,0.03774655062533433,2826,1639,Erysipelatoclostridium,0.1,ERR1883250
0.21037616229923925,0.03151611848679559,2681,1578,Mediterraneibacter,0.1,ERR1883250
0.28358925143953934,0.4490816568723997,2197,1602,Fusobacterium,,ERR1883294
0.27831094049904026,0.41681689409338785,1206,1068,Megasphaera,,ERR1883294
0.14107485604606526,0.2422559878415558,1577,1286,Morganella,,ERR1883294
0.29702495201535506,0.701374391543719,1652,1308,Veillonella,,ERR1883294
0.28358925143953934,0.4147349947594938,2197,1602,Fusobacterium,1.0,ERR1883294
0.27831094049904026,0.6359126507344851,1206,1068,Megasphaera,1.0,ERR1883294
0.14107485604606526,0.3012703389356284,1577,1286,Morganella,1.0,ERR1883294
0.29702495201535506,0.5008446433474892,1652,1308,Veillonella,1.0,ERR1883294
0.28358925143953934,0.4078137246176386,2197,1602,Fusobacterium,0.9,ERR1883294
0.27831094049904026,0.564205963666405,1206,1068,Megasphaera,0.9,ERR1883294
0.14107485604606526,0.26398556796482253,1577,1286,Morganella,0.9,ERR1883294
0.29702495201535506,0.4346840884328646,1652,1308,Veillonella,0.9,ERR1883294
0.28358925143953934,0.36662958728546446,2197,1602,Fusobacterium,0.8,ERR1883294
0.27831094049904026,0.4922544745885848,1206,1068,Megasphaera,0.8,ERR1883294
0.14107485604606526,0.23171444305703642,1577,1286,Morganella,0.8,ERR1883294
0.29702495201535506,0.38671040134571616,1652,1308,Veillonella,0.8,ERR1883294
0.28358925143953934,0.36249733520874095,2197,1602,Fusobacterium,0.7000000000000001,ERR1883294
0.27831094049904026,0.35577125605237914,1206,1068,Megasphaera,0.7000000000000001,ERR1883294
0.14107485604606526,0.18032073580581712,1577,1286,Morganella,0.7000000000000001,ERR1883294
0.29702495201535506,0.37962513115358926,1652,1308,Veillonella,0.7000000000000001,ERR1883294
0.28358925143953934,0.3119519371644247,2197,1602,Fusobacterium,0.6,ERR1883294
0.27831094049904026,0.30297702373722374,1206,1068,Megasphaera,0.6,ERR1883294
0.14107485604606526,0.15532853537846134,1577,1286,Morganella,0.6,ERR1883294
0.29702495201535506,0.32645546602017794,1652,1308,Veillonella,0.6,ERR1883294
0.28358925143953934,0.2599738586820406,2197,1602,Fusobacterium,0.5,ERR1883294
0.27831094049904026,0.2551742858586214,1206,1068,Megasphaera,0.5,ERR1883294
0.14107485604606526,0.12932233795336284,1577,1286,Morganella,0.5,ERR1883294
0.29702495201535506,0.2716967418748792,1652,1308,Veillonella,0.5,ERR1883294
0.28358925143953934,0.21357289919890496,2197,1602,Fusobacterium,0.4,ERR1883294
0.27831094049904026,0.1882014915922291,1206,1068,Megasphaera,0.4,ERR1883294
0.14107485604606526,0.10592853692662806,1577,1286,Morganella,0.4,ERR1883294
0.29702495201535506,0.22362456736344064,1652,1308,Veillonella,0.4,ERR1883294
0.28358925143953934,0.15541209636273196,2197,1602,Fusobacterium,0.30000000000000004,ERR1883294
0.27831094049904026,0.1536509764205901,1206,1068,Megasphaera,0.30000000000000004,ERR1883294
0.14107485604606526,0.07771401689822596,1577,1286,Morganella,0.30000000000000004,ERR1883294
0.29702495201535506,0.1616920402188945,1652,1308,Veillonella,0.30000000000000004,ERR1883294
0.28358925143953934,0.10342127446337968,2197,1602,Fusobacterium,0.2,ERR1883294
0.27831094049904026,0.10243602238505273,1206,1068,Megasphaera,0.2,ERR1883294
0.14107485604606526,0.05206379416399978,1577,1286,Morganella,0.2,ERR1883294
0.29702495201535506,0.10770307668138022,1652,1308,Veillonella,0.2,ERR1883294
0.28358925143953934,0.051659066351658685,2197,1602,Fusobacterium,0.1,ERR1883294
0.27831094049904026,0.05130862882980416,1206,1068,Megasphaera,0.1,ERR1883294
0.14107485604606526,0.026055678446076907,1577,1286,Morganella,0.1,ERR1883294
0.29702495201535506,0.05381784039300292,1652,1308,Veillonella,0.1,ERR1883294
